chr	ID	gCF	gCF_N	gDF1	gDF1_N	gDF2	gDF2_N	gDFP	gDFP_N	gN	Label	Length
OW569320.1	35	NA	NA	NA	NA	NA	NA	NA	NA	NA		0
OW569320.1	36	97.18	172	0.56	1	0	0	2.26	4	177	1	3.26625
OW569320.1	37	22.73	40	2.27	4	14.2	25	60.8	107	176	1	0.127686
OW569320.1	38	30.68	54	2.84	5	4.55	8	61.93	109	176	1	0.670523
OW569320.1	39	92.66	164	0	0	0	0	7.34	13	177	1	2.82714
OW569320.1	40	43.1	75	22.99	40	31.61	55	2.3	4	174	1	0.0803425
OW569320.1	41	26.29	46	16	28	1.14	2	56.57	99	175	1	0.69431
OW569320.1	42	16.57	29	19.43	34	4	7	60	105	175	1	0.136692
OW569320.1	43	14.69	26	0	0	3.39	6	81.92	145	177	1	0.0991237
OW569320.1	44	1.96	3	12.42	19	1.96	3	83.66	128	153	0.53	0.00891829
OW569320.1	45	4.67	7	2.67	4	10	15	82.67	124	150	1	0.0672027
OW569320.1	46	18.39	32	1.15	2	4.02	7	76.44	133	174	1	0.193215
OW569320.1	47	87.5	140	0	0	0	0	12.5	20	160	1	1.69273
OW569320.1	48	58.76	104	3.95	7	4.52	8	32.77	58	177	1	0.570237
OW569320.1	49	84.21	144	4.09	7	5.26	9	6.43	11	171	1	0.972735
OW569320.1	50	48.02	85	0.56	1	0	0	51.41	91	177	1	0.543103
OW569320.1	51	55.37	98	1.69	3	2.82	5	40.11	71	177	1	1.09973
OW569320.1	52	11.93	21	4.55	8	8.52	15	75	132	176	1	0.0575236
OW569320.1	53	22.73	40	18.18	32	6.25	11	52.84	93	176	1	0.146576
OW569320.1	54	58.39	87	5.37	8	4.7	7	31.54	47	149	1	0.59615
OW569320.1	55	11.93	21	6.82	12	10.23	18	71.02	125	176	0.89	0.0191349
OW569320.1	56	31.25	55	5.68	10	3.98	7	59.09	104	176	1	0.655622
OW569320.1	57	29.61	45	22.37	34	13.16	20	34.87	53	152	1	0.128201
OW569320.1	58	18.08	32	8.47	15	21.47	38	51.98	92	177	1	0.0985176
OW569320.1	59	51.41	91	7.91	14	7.34	13	33.33	59	177	1	0.195797
OW569320.1	60	82.49	146	2.82	5	0.56	1	14.12	25	177	1	1.89343
OW569320.1	61	89.83	159	1.69	3	1.69	3	6.78	12	177	1	2.58029
OW569320.1	62	93.18	164	0.57	1	1.7	3	4.55	8	176	1	3.05168
OW569320.1	63	96.55	168	1.15	2	1.15	2	1.15	2	174	1	3.33741
OW569320.1	64	72.88	129	11.3	20	11.86	21	3.95	7	177	1	0.695875
OW569320.1	65	90.4	160	2.82	5	3.95	7	2.82	5	177	1	2.70959
OW569320.1_MZ_only	35	NA	NA	NA	NA	NA	NA	NA	NA	NA		0
OW569320.1_MZ_only	36	97.08	133	0.73	1	0	0	2.19	3	137	1	3.26625
OW569320.1_MZ_only	37	26.47	36	0.74	1	13.24	18	59.56	81	136	1	0.127686
OW569320.1_MZ_only	38	25.74	35	1.47	2	5.88	8	66.91	91	136	1	0.670523
OW569320.1_MZ_only	39	92.7	127	0	0	0	0	7.3	10	137	1	2.82714
OW569320.1_MZ_only	40	48.51	65	24.63	33	26.12	35	0.75	1	134	1	0.0803425
OW569320.1_MZ_only	41	25.74	35	18.38	25	0.74	1	55.15	75	136	1	0.69431
OW569320.1_MZ_only	42	16.91	23	22.06	30	2.94	4	58.09	79	136	1	0.136692
OW569320.1_MZ_only	43	16.79	23	0	0	1.46	2	81.75	112	137	1	0.0991237
OW569320.1_MZ_only	44	2.21	3	11.76	16	2.21	3	83.82	114	136	0.53	0.00891829
OW569320.1_MZ_only	45	3.76	5	1.5	2	10.53	14	84.21	112	133	1	0.0672027
OW569320.1_MZ_only	46	15.67	21	1.49	2	3.73	5	79.1	106	134	1	0.193215
OW569320.1_MZ_only	47	87.6	113	0	0	0	0	12.4	16	129	1	1.69273
OW569320.1_MZ_only	48	59.85	82	4.38	6	2.19	3	33.58	46	137	1	0.570237
OW569320.1_MZ_only	49	85.19	115	5.93	8	3.7	5	5.19	7	135	1	0.972735
OW569320.1_MZ_only	50	48.18	66	0.73	1	0	0	51.09	70	137	1	0.543103
OW569320.1_MZ_only	51	55.47	76	1.46	2	0.73	1	42.34	58	137	1	1.09973
OW569320.1_MZ_only	52	11.68	16	2.92	4	8.76	12	76.64	105	137	1	0.0575236
OW569320.1_MZ_only	53	18.98	26	18.25	25	6.57	9	56.2	77	137	1	0.146576
OW569320.1_MZ_only	54	59.56	81	4.41	6	4.41	6	31.62	43	136	1	0.59615
OW569320.1_MZ_only	55	12.5	17	5.88	8	9.56	13	72.06	98	136	0.89	0.0191349
OW569320.1_MZ_only	56	29.41	40	5.15	7	2.94	4	62.5	85	136	1	0.655622
OW569320.1_MZ_only	57	31.62	43	22.06	30	13.24	18	33.09	45	136	1	0.128201
OW569320.1_MZ_only	58	20.44	28	10.22	14	23.36	32	45.99	63	137	1	0.0985176
OW569320.1_MZ_only	59	61.31	84	5.11	7	5.84	8	27.74	38	137	1	0.195797
OW569320.1_MZ_only	60	84.67	116	2.92	4	0.73	1	11.68	16	137	1	1.89343
OW569320.1_MZ_only	61	93.43	128	1.46	2	2.19	3	2.92	4	137	1	2.58029
OW569320.1_MZ_only	62	95.59	130	0	0	1.47	2	2.94	4	136	1	3.05168
OW569320.1_MZ_only	63	94.78	127	1.49	2	2.24	3	1.49	2	134	1	3.33741
OW569320.1_MZ_only	64	74.45	102	10.95	15	12.41	17	2.19	3	137	1	0.695875
OW569320.1_MZ_only	65	91.97	126	2.19	3	2.92	4	2.92	4	137	1	2.70959
OW569320.1	35	NA	NA	NA	NA	NA	NA	NA	NA	NA		0
OW569320.1	36	97.18	172	0.56	1	0	0	2.26	4	177	1	3.26625
OW569320.1	37	22.73	40	2.27	4	14.2	25	60.8	107	176	1	0.127686
OW569320.1	38	30.68	54	2.84	5	4.55	8	61.93	109	176	1	0.670523
OW569320.1	39	92.66	164	0	0	0	0	7.34	13	177	1	2.82714
OW569320.1	40	43.1	75	22.99	40	31.61	55	2.3	4	174	1	0.0803425
OW569320.1	41	26.29	46	16	28	1.14	2	56.57	99	175	1	0.69431
OW569320.1	42	16.57	29	19.43	34	4	7	60	105	175	1	0.136692
OW569320.1	43	14.69	26	0	0	3.39	6	81.92	145	177	1	0.0991237
OW569320.1	44	1.96	3	12.42	19	1.96	3	83.66	128	153	0.53	0.00891829
OW569320.1	45	4.67	7	2.67	4	10	15	82.67	124	150	1	0.0672027
OW569320.1	46	18.39	32	1.15	2	4.02	7	76.44	133	174	1	0.193215
OW569320.1	47	87.5	140	0	0	0	0	12.5	20	160	1	1.69273
OW569320.1	48	58.76	104	3.95	7	4.52	8	32.77	58	177	1	0.570237
OW569320.1	49	84.21	144	4.09	7	5.26	9	6.43	11	171	1	0.972735
OW569320.1	50	48.02	85	0.56	1	0	0	51.41	91	177	1	0.543103
OW569320.1	51	55.37	98	1.69	3	2.82	5	40.11	71	177	1	1.09973
OW569320.1	52	11.93	21	4.55	8	8.52	15	75	132	176	1	0.0575236
OW569320.1	53	22.73	40	18.18	32	6.25	11	52.84	93	176	1	0.146576
OW569320.1	54	58.39	87	5.37	8	4.7	7	31.54	47	149	1	0.59615
OW569320.1	55	11.93	21	6.82	12	10.23	18	71.02	125	176	0.89	0.0191349
OW569320.1	56	31.25	55	5.68	10	3.98	7	59.09	104	176	1	0.655622
OW569320.1	57	29.61	45	22.37	34	13.16	20	34.87	53	152	1	0.128201
OW569320.1	58	18.08	32	8.47	15	21.47	38	51.98	92	177	1	0.0985176
OW569320.1	59	51.41	91	7.91	14	7.34	13	33.33	59	177	1	0.195797
OW569320.1	60	82.49	146	2.82	5	0.56	1	14.12	25	177	1	1.89343
OW569320.1	61	89.83	159	1.69	3	1.69	3	6.78	12	177	1	2.58029
OW569320.1	62	93.18	164	0.57	1	1.7	3	4.55	8	176	1	3.05168
OW569320.1	63	96.55	168	1.15	2	1.15	2	1.15	2	174	1	3.33741
OW569320.1	64	72.88	129	11.3	20	11.86	21	3.95	7	177	1	0.695875
OW569320.1	65	90.4	160	2.82	5	3.95	7	2.82	5	177	1	2.70959
OW569321.1	35	NA	NA	NA	NA	NA	NA	NA	NA	NA		0
OW569321.1	36	94.59	332	0	0	0	0	5.41	19	351	1	3.26625
OW569321.1	37	20.96	74	9.92	35	17.28	61	51.84	183	353	1	0.127686
OW569321.1	38	43.79	155	3.67	13	3.11	11	49.44	175	354	1	0.670523
OW569321.1	39	92.02	323	0.28	1	0	0	7.69	27	351	1	2.82714
OW569321.1	40	33.53	116	28.03	97	36.42	126	2.02	7	346	1	0.0803425
OW569321.1	41	46.61	165	5.93	21	1.41	5	46.05	163	354	1	0.69431
OW569321.1	42	14.77	52	10.8	38	7.67	27	66.76	235	352	1	0.136692
OW569321.1	43	7.65	27	2.55	9	4.53	16	85.27	301	353	1	0.0991237
OW569321.1	44	2.59	9	4.32	15	1.73	6	91.35	317	347	0.53	0.00891829
OW569321.1	45	6.34	22	8.93	31	6.92	24	77.81	270	347	1	0.0672027
OW569321.1	46	23.94	85	3.66	13	4.79	17	67.61	240	355	1	0.193215
OW569321.1	47	80.58	278	0.29	1	0.87	3	18.26	63	345	1	1.69273
OW569321.1	48	38.35	135	5.11	18	16.19	57	40.34	142	352	1	0.570237
OW569321.1	49	65.14	228	6.86	24	11.71	41	16.29	57	350	1	0.972735
OW569321.1	50	33.14	117	0.57	2	0.85	3	65.44	231	353	1	0.543103
OW569321.1	51	49.29	174	0.57	2	0.28	1	49.86	176	353	1	1.09973
OW569321.1	52	7.12	25	5.13	18	9.4	33	78.35	275	351	1	0.0575236
OW569321.1	53	15.36	53	10.72	37	7.25	25	66.67	230	345	1	0.146576
OW569321.1	54	44.38	154	10.37	36	5.76	20	39.48	137	347	1	0.59615
OW569321.1	55	9.86	35	6.48	23	7.32	26	76.34	271	355	0.89	0.0191349
OW569321.1	56	33.62	119	3.11	11	1.69	6	61.58	218	354	1	0.655622
OW569321.1	57	29.06	102	20.23	71	15.95	56	34.76	122	351	1	0.128201
OW569321.1	58	19.03	67	12.22	43	13.07	46	55.68	196	352	1	0.0985176
OW569321.1	59	41.76	147	7.95	28	12.78	45	37.5	132	352	1	0.195797
OW569321.1	60	86.42	299	0.87	3	2.31	8	10.4	36	346	1	1.89343
OW569321.1	61	91.35	317	1.44	5	1.15	4	6.05	21	347	1	2.58029
OW569321.1	62	96.01	337	0.57	2	1.14	4	2.28	8	351	1	3.05168
OW569321.1	63	97.38	334	1.17	4	0.87	3	0.58	2	343	1	3.33741
OW569321.1	64	63.28	224	19.21	68	13.28	47	4.24	15	354	1	0.695875
OW569321.1	65	92.22	320	1.73	6	1.15	4	4.9	17	347	1	2.70959
OW569322.1	35	NA	NA	NA	NA	NA	NA	NA	NA	NA		0
OW569322.1	36	95.59	130	0	0	0	0	4.41	6	136	1	3.26625
OW569322.1	37	23.36	32	5.84	8	18.25	25	52.55	72	137	1	0.127686
OW569322.1	38	43.07	59	4.38	6	5.84	8	46.72	64	137	1	0.670523
OW569322.1	39	91.97	126	0	0	0	0	8.03	11	137	1	2.82714
OW569322.1	40	40.88	56	24.82	34	32.85	45	1.46	2	137	1	0.0803425
OW569322.1	41	47.41	64	5.19	7	0.74	1	46.67	63	135	1	0.69431
OW569322.1	42	14.07	19	7.41	10	4.44	6	74.07	100	135	1	0.136692
OW569322.1	43	7.3	10	0.73	1	6.57	9	85.4	117	137	1	0.0991237
OW569322.1	44	2.21	3	4.41	6	2.21	3	91.18	124	136	0.53	0.00891829
OW569322.1	45	6.62	9	4.41	6	3.68	5	85.29	116	136	1	0.0672027
OW569322.1	46	21.17	29	5.84	8	5.11	7	67.88	93	137	1	0.193215
OW569322.1	47	78.63	103	0	0	0.76	1	20.61	27	131	1	1.69273
OW569322.1	48	41.61	57	5.84	8	12.41	17	40.15	55	137	1	0.570237
OW569322.1	49	63.97	87	13.24	18	8.82	12	13.97	19	136	1	0.972735
OW569322.1	50	27.94	38	1.47	2	0	0	70.59	96	136	1	0.543103
OW569322.1	51	46.32	63	0	0	0	0	53.68	73	136	1	1.09973
OW569322.1	52	10.22	14	3.65	5	6.57	9	79.56	109	137	1	0.0575236
OW569322.1	53	16.18	22	10.29	14	7.35	10	66.18	90	136	1	0.146576
OW569322.1	54	51.11	69	4.44	6	5.19	7	39.26	53	135	1	0.59615
OW569322.1	55	5.15	7	10.29	14	7.35	10	77.21	105	136	0.89	0.0191349
OW569322.1	56	35.56	48	5.19	7	1.48	2	57.78	78	135	1	0.655622
OW569322.1	57	33.33	45	19.26	26	20	27	27.41	37	135	1	0.128201
OW569322.1	58	19.85	26	10.69	14	12.98	17	56.49	74	131	1	0.0985176
OW569322.1	59	33.33	42	9.52	12	16.67	21	40.48	51	126	1	0.195797
OW569322.1	60	82.58	109	0	0	0.76	1	16.67	22	132	1	1.89343
OW569322.1	61	91.24	125	0	0	1.46	2	7.3	10	137	1	2.58029
OW569322.1	62	93.38	127	0.74	1	3.68	5	2.21	3	136	1	3.05168
OW569322.1	63	94.07	127	5.19	7	0.74	1	0	0	135	1	3.33741
OW569322.1	64	70.59	96	14.71	20	10.29	14	4.41	6	136	1	0.695875
OW569322.1	65	92.59	125	1.48	2	0.74	1	5.19	7	135	1	2.70959
OW569322.1	35	NA	NA	NA	NA	NA	NA	NA	NA	NA		0
OW569322.1	36	95.59	130	0	0	0	0	4.41	6	136	1	3.26625
OW569322.1	37	23.36	32	5.84	8	18.25	25	52.55	72	137	1	0.127686
OW569322.1	38	43.07	59	4.38	6	5.84	8	46.72	64	137	1	0.670523
OW569322.1	39	91.97	126	0	0	0	0	8.03	11	137	1	2.82714
OW569322.1	40	40.88	56	24.82	34	32.85	45	1.46	2	137	1	0.0803425
OW569322.1	41	47.41	64	5.19	7	0.74	1	46.67	63	135	1	0.69431
OW569322.1	42	14.07	19	7.41	10	4.44	6	74.07	100	135	1	0.136692
OW569322.1	43	7.3	10	0.73	1	6.57	9	85.4	117	137	1	0.0991237
OW569322.1	44	2.21	3	4.41	6	2.21	3	91.18	124	136	0.53	0.00891829
OW569322.1	45	6.62	9	4.41	6	3.68	5	85.29	116	136	1	0.0672027
OW569322.1	46	21.17	29	5.84	8	5.11	7	67.88	93	137	1	0.193215
OW569322.1	47	78.63	103	0	0	0.76	1	20.61	27	131	1	1.69273
OW569322.1	48	41.61	57	5.84	8	12.41	17	40.15	55	137	1	0.570237
OW569322.1	49	63.97	87	13.24	18	8.82	12	13.97	19	136	1	0.972735
OW569322.1	50	27.94	38	1.47	2	0	0	70.59	96	136	1	0.543103
OW569322.1	51	46.32	63	0	0	0	0	53.68	73	136	1	1.09973
OW569322.1	52	10.22	14	3.65	5	6.57	9	79.56	109	137	1	0.0575236
OW569322.1	53	16.18	22	10.29	14	7.35	10	66.18	90	136	1	0.146576
OW569322.1	54	51.11	69	4.44	6	5.19	7	39.26	53	135	1	0.59615
OW569322.1	55	5.15	7	10.29	14	7.35	10	77.21	105	136	0.89	0.0191349
OW569322.1	56	35.56	48	5.19	7	1.48	2	57.78	78	135	1	0.655622
OW569322.1	57	33.33	45	19.26	26	20	27	27.41	37	135	1	0.128201
OW569322.1	58	19.85	26	10.69	14	12.98	17	56.49	74	131	1	0.0985176
OW569322.1	59	33.33	42	9.52	12	16.67	21	40.48	51	126	1	0.195797
OW569322.1	60	82.58	109	0	0	0.76	1	16.67	22	132	1	1.89343
OW569322.1	61	91.24	125	0	0	1.46	2	7.3	10	137	1	2.58029
OW569322.1	62	93.38	127	0.74	1	3.68	5	2.21	3	136	1	3.05168
OW569322.1	63	94.07	127	5.19	7	0.74	1	0	0	135	1	3.33741
OW569322.1	64	70.59	96	14.71	20	10.29	14	4.41	6	136	1	0.695875
OW569322.1	65	92.59	125	1.48	2	0.74	1	5.19	7	135	1	2.70959
OW569323.1	35	NA	NA	NA	NA	NA	NA	NA	NA	NA		0
OW569323.1	36	95.83	207	0.46	1	0	0	3.7	8	216	1	3.26625
OW569323.1	37	13.36	29	4.61	10	22.58	49	59.45	129	217	1	0.127686
OW569323.1	38	40.83	89	4.59	10	5.5	12	49.08	107	218	1	0.670523
OW569323.1	39	92.17	200	0	0	0	0	7.83	17	217	1	2.82714
OW569323.1	40	34.27	73	30.52	65	33.8	72	1.41	3	213	1	0.0803425
OW569323.1	41	50.93	110	4.63	10	1.85	4	42.59	92	216	1	0.69431
OW569323.1	42	19.63	42	7.94	17	7.94	17	64.49	138	214	1	0.136692
OW569323.1	43	9.72	21	2.78	6	6.48	14	81.02	175	216	1	0.0991237
OW569323.1	44	4.63	10	4.63	10	2.78	6	87.96	190	216	0.53	0.00891829
OW569323.1	45	6.48	14	9.26	20	3.7	8	80.56	174	216	1	0.0672027
OW569323.1	46	17.89	39	5.05	11	9.17	20	67.89	148	218	1	0.193215
OW569323.1	47	80.58	166	0.49	1	1.46	3	17.48	36	206	1	1.69273
OW569323.1	48	44.91	97	1.39	3	12.04	26	41.67	90	216	1	0.570237
OW569323.1	49	66.2	143	5.09	11	11.57	25	17.13	37	216	1	0.972735
OW569323.1	50	33.49	73	0.92	2	1.83	4	63.76	139	218	1	0.543103
OW569323.1	51	55.5	121	0	0	0	0	44.5	97	218	1	1.09973
OW569323.1	52	8.76	19	6.45	14	5.53	12	79.26	172	217	1	0.0575236
OW569323.1	53	12.15	26	14.02	30	7.48	16	66.36	142	214	1	0.146576
OW569323.1	54	52.34	112	6.54	14	6.54	14	34.58	74	214	1	0.59615
OW569323.1	55	8.33	18	12.96	28	8.33	18	70.37	152	216	0.89	0.0191349
OW569323.1	56	35.35	76	3.26	7	2.79	6	58.6	126	215	1	0.655622
OW569323.1	57	28.71	60	24.4	51	22.01	46	24.88	52	209	1	0.128201
OW569323.1	58	18.98	41	8.8	19	13.43	29	58.8	127	216	1	0.0985176
OW569323.1	59	31.63	68	12.56	27	12.56	27	43.26	93	215	1	0.195797
OW569323.1	60	83.33	180	0.93	2	2.31	5	13.43	29	216	1	1.89343
OW569323.1	61	92.2	201	1.38	3	0	0	6.42	14	218	1	2.58029
OW569323.1	62	94.47	205	0.46	1	2.76	6	2.3	5	217	1	3.05168
OW569323.1	63	98.12	209	0.94	2	0.47	1	0.47	1	213	1	3.33741
OW569323.1	64	66.36	144	16.13	35	12.44	27	5.07	11	217	1	0.695875
OW569323.1	65	93.02	200	1.86	4	0.93	2	4.19	9	215	1	2.70959
OW569324.1	35	NA	NA	NA	NA	NA	NA	NA	NA	NA		0
OW569324.1	36	93.67	207	0	0	0.45	1	5.88	13	221	1	3.26625
OW569324.1	37	17.19	38	6.33	14	25.34	56	51.13	113	221	1	0.127686
OW569324.1	38	38.91	86	3.62	8	3.17	7	54.3	120	221	1	0.670523
OW569324.1	39	91.89	204	0.45	1	0	0	7.66	17	222	1	2.82714
OW569324.1	40	39.37	87	31.67	70	28.96	64	0	0	221	1	0.0803425
OW569324.1	41	40.54	90	12.16	27	2.25	5	45.05	100	222	1	0.69431
OW569324.1	42	22.73	50	11.82	26	4.55	10	60.91	134	220	1	0.136692
OW569324.1	43	9.91	22	2.25	5	5.41	12	82.43	183	222	1	0.0991237
OW569324.1	44	4.13	9	6.42	14	2.75	6	86.7	189	218	0.53	0.00891829
OW569324.1	45	4.17	9	5.56	12	5.09	11	85.19	184	216	1	0.0672027
OW569324.1	46	18.92	42	4.5	10	10.81	24	65.77	146	222	1	0.193215
OW569324.1	47	81.19	177	0.46	1	0	0	18.35	40	218	1	1.69273
OW569324.1	48	44.39	99	4.48	10	10.31	23	40.81	91	223	1	0.570237
OW569324.1	49	65.3	143	9.13	20	10.96	24	14.61	32	219	1	0.972735
OW569324.1	50	40	88	0.45	1	0	0	59.55	131	220	1	0.543103
OW569324.1	51	56.36	124	0.91	2	0.45	1	42.27	93	220	1	1.09973
OW569324.1	52	10.45	23	5.45	12	7.73	17	76.36	168	220	1	0.0575236
OW569324.1	53	21.56	47	5.96	13	6.88	15	65.6	143	218	1	0.146576
OW569324.1	54	41.15	79	8.85	17	7.81	15	42.19	81	192	1	0.59615
OW569324.1	55	8.93	20	8.93	20	8.48	19	73.66	165	224	0.89	0.0191349
OW569324.1	56	36.7	80	3.21	7	2.29	5	57.8	126	218	1	0.655622
OW569324.1	57	30.77	64	20.67	43	16.83	35	31.73	66	208	1	0.128201
OW569324.1	58	17.49	39	13	29	6.28	14	63.23	141	223	1	0.0985176
OW569324.1	59	34.08	76	11.21	25	17.49	39	37.22	83	223	1	0.195797
OW569324.1	60	86.04	191	1.8	4	1.35	3	10.81	24	222	1	1.89343
OW569324.1	61	91.89	204	1.35	3	1.8	4	4.95	11	222	1	2.58029
OW569324.1	62	95.85	208	0.46	1	1.84	4	1.84	4	217	1	3.05168
OW569324.1	63	98.09	205	0.96	2	0.48	1	0.48	1	209	1	3.33741
OW569324.1	64	64.86	144	16.22	36	15.77	35	3.15	7	222	1	0.695875
OW569324.1	65	89.77	193	1.86	4	3.72	8	4.65	10	215	1	2.70959
OW569325.1	35	NA	NA	NA	NA	NA	NA	NA	NA	NA		0
OW569325.1	36	96.41	161	0	0	0	0	3.59	6	167	1	3.26625
OW569325.1	37	22.29	37	6.63	11	16.87	28	54.22	90	166	1	0.127686
OW569325.1	38	45.18	75	3.01	5	7.83	13	43.98	73	166	1	0.670523
OW569325.1	39	91.67	154	0.6	1	0	0	7.74	13	168	1	2.82714
OW569325.1	40	38.92	65	24.55	41	35.93	60	0.6	1	167	1	0.0803425
OW569325.1	41	54.27	89	7.93	13	4.27	7	33.54	55	164	1	0.69431
OW569325.1	42	24.07	39	9.88	16	4.32	7	61.73	100	162	1	0.136692
OW569325.1	43	12.05	20	2.41	4	6.02	10	79.52	132	166	1	0.0991237
OW569325.1	44	3.57	6	5.36	9	1.79	3	89.29	150	168	0.53	0.00891829
OW569325.1	45	6.59	11	7.19	12	4.79	8	81.44	136	167	1	0.0672027
OW569325.1	46	19.76	33	5.39	9	6.59	11	68.26	114	167	1	0.193215
OW569325.1	47	78.79	130	1.82	3	0.61	1	18.79	31	165	1	1.69273
OW569325.1	48	44.64	75	3.57	6	11.31	19	40.48	68	168	1	0.570237
OW569325.1	49	79.04	132	7.78	13	3.59	6	9.58	16	167	1	0.972735
OW569325.1	50	35.33	59	0.6	1	1.2	2	62.87	105	167	1	0.543103
OW569325.1	51	52.1	87	0	0	0.6	1	47.31	79	167	1	1.09973
OW569325.1	52	12.65	21	6.63	11	6.63	11	74.1	123	166	1	0.0575236
OW569325.1	53	14.72	24	15.34	25	8.59	14	61.35	100	163	1	0.146576
OW569325.1	54	36.54	38	6.73	7	6.73	7	50	52	104	1	0.59615
OW569325.1	55	7.74	13	8.93	15	9.52	16	73.81	124	168	0.89	0.0191349
OW569325.1	56	34.94	58	3.01	5	4.82	8	57.23	95	166	1	0.655622
OW569325.1	57	31.29	51	11.04	18	28.83	47	28.83	47	163	1	0.128201
OW569325.1	58	18.56	31	13.17	22	15.57	26	52.69	88	167	1	0.0985176
OW569325.1	59	32.73	54	9.09	15	15.76	26	42.42	70	165	1	0.195797
OW569325.1	60	86.75	144	1.81	3	1.81	3	9.64	16	166	1	1.89343
OW569325.1	61	95.21	159	0.6	1	0.6	1	3.59	6	167	1	2.58029
OW569325.1	62	95.81	160	1.2	2	2.4	4	0.6	1	167	1	3.05168
OW569325.1	63	98.16	160	0.61	1	0.61	1	0.61	1	163	1	3.33741
OW569325.1	64	67.86	114	11.9	20	16.67	28	3.57	6	168	1	0.695875
OW569325.1	65	93.29	153	0.61	1	1.22	2	4.88	8	164	1	2.70959
OW569326.1	35	NA	NA	NA	NA	NA	NA	NA	NA	NA		0
OW569326.1	36	97.4	150	0	0	0	0	2.6	4	154	1	3.26625
OW569326.1	37	16.13	25	4.52	7	20	31	59.35	92	155	1	0.127686
OW569326.1	38	35.48	55	4.52	7	4.52	7	55.48	86	155	1	0.670523
OW569326.1	39	92.16	141	0	0	0	0	7.84	12	153	1	2.82714
OW569326.1	40	39.74	60	31.79	48	27.81	42	0.66	1	151	1	0.0803425
OW569326.1	41	38.31	59	9.74	15	1.3	2	50.65	78	154	1	0.69431
OW569326.1	42	12.5	19	9.21	14	6.58	10	71.71	109	152	1	0.136692
OW569326.1	43	5.84	9	1.3	2	6.49	10	86.36	133	154	1	0.0991237
OW569326.1	44	3.21	5	5.77	9	0.64	1	90.38	141	156	0.53	0.00891829
OW569326.1	45	0	0	6.49	10	12.34	19	81.17	125	154	1	0.0672027
OW569326.1	46	21.43	33	0.65	1	5.84	9	72.08	111	154	1	0.193215
OW569326.1	47	79.08	121	1.31	2	0.65	1	18.95	29	153	1	1.69273
OW569326.1	48	49.36	77	5.13	8	10.9	17	34.62	54	156	1	0.570237
OW569326.1	49	72.26	112	10.97	17	6.45	10	10.32	16	155	1	0.972735
OW569326.1	50	38.31	59	0.65	1	1.3	2	59.74	92	154	1	0.543103
OW569326.1	51	53.9	83	2.6	4	0.65	1	42.86	66	154	1	1.09973
OW569326.1	52	11.84	18	7.24	11	7.89	12	73.03	111	152	1	0.0575236
OW569326.1	53	18.54	28	5.96	9	11.26	17	64.24	97	151	1	0.146576
OW569326.1	54	46.05	70	6.58	10	8.55	13	38.82	59	152	1	0.59615
OW569326.1	55	13.07	20	4.58	7	7.19	11	75.16	115	153	0.89	0.0191349
OW569326.1	56	38.82	59	1.97	3	2.63	4	56.58	86	152	1	0.655622
OW569326.1	57	31.97	47	14.97	22	20.41	30	32.65	48	147	1	0.128201
OW569326.1	58	14.29	22	11.04	17	12.99	20	61.69	95	154	1	0.0985176
OW569326.1	59	25.49	39	15.03	23	9.8	15	49.67	76	153	1	0.195797
OW569326.1	60	85.06	131	0.65	1	2.6	4	11.69	18	154	1	1.89343
OW569326.1	61	85.81	133	7.1	11	1.94	3	5.16	8	155	1	2.58029
OW569326.1	62	94.08	143	0.66	1	1.97	3	3.29	5	152	1	3.05168
OW569326.1	63	97.33	146	0	0	0.67	1	2	3	150	1	3.33741
OW569326.1	64	62.18	97	17.95	28	15.38	24	4.49	7	156	1	0.695875
OW569326.1	65	92.9	144	1.94	3	1.29	2	3.87	6	155	1	2.70959
OW569327.1	35	NA	NA	NA	NA	NA	NA	NA	NA	NA		0
OW569327.1	36	94.64	159	0	0	0	0	5.36	9	168	1	3.26625
OW569327.1	37	11.9	20	5.95	10	27.98	47	54.17	91	168	1	0.127686
OW569327.1	38	33.93	57	2.98	5	5.36	9	57.74	97	168	1	0.670523
OW569327.1	39	94.08	159	0	0	0	0	5.92	10	169	1	2.82714
OW569327.1	40	42.33	69	23.93	39	31.9	52	1.84	3	163	1	0.0803425
OW569327.1	41	41.42	70	15.98	27	0.59	1	42.01	71	169	1	0.69431
OW569327.1	42	22.62	38	12.5	21	4.76	8	60.12	101	168	1	0.136692
OW569327.1	43	6.55	11	1.79	3	4.17	7	87.5	147	168	1	0.0991237
OW569327.1	44	3.55	6	2.96	5	3.55	6	89.94	152	169	0.53	0.00891829
OW569327.1	45	4.14	7	7.1	12	11.83	20	76.92	130	169	1	0.0672027
OW569327.1	46	21.89	37	1.78	3	2.96	5	73.37	124	169	1	0.193215
OW569327.1	47	80.12	129	1.86	3	1.24	2	16.77	27	161	1	1.69273
OW569327.1	48	45.18	75	3.01	5	15.06	25	36.75	61	166	1	0.570237
OW569327.1	49	75.3	125	6.63	11	8.43	14	9.64	16	166	1	0.972735
OW569327.1	50	35.33	59	0	0	0.6	1	64.07	107	167	1	0.543103
OW569327.1	51	55.09	92	0.6	1	0	0	44.31	74	167	1	1.09973
OW569327.1	52	8.98	15	4.19	7	5.99	10	80.84	135	167	1	0.0575236
OW569327.1	53	22.16	37	8.38	14	7.19	12	62.28	104	167	1	0.146576
OW569327.1	54	46.67	77	8.48	14	9.09	15	35.76	59	165	1	0.59615
OW569327.1	55	8.28	14	8.88	15	10.65	18	72.19	122	169	0.89	0.0191349
OW569327.1	56	36.69	62	4.73	8	1.18	2	57.4	97	169	1	0.655622
OW569327.1	57	26.04	44	21.3	36	20.71	35	31.95	54	169	1	0.128201
OW569327.1	58	11.9	20	9.52	16	9.52	16	69.05	116	168	1	0.0985176
OW569327.1	59	26.83	44	12.2	20	12.2	20	48.78	80	164	1	0.195797
OW569327.1	60	82.32	135	3.05	5	0.61	1	14.02	23	164	1	1.89343
OW569327.1	61	90.48	152	3.57	6	0.6	1	5.36	9	168	1	2.58029
OW569327.1	62	95.81	160	1.2	2	1.8	3	1.2	2	167	1	3.05168
OW569327.1	63	97.52	157	2.48	4	0	0	0	0	161	1	3.33741
OW569327.1	64	75	126	11.31	19	10.12	17	3.57	6	168	1	0.695875
OW569327.1	65	90.3	149	1.82	3	4.85	8	3.03	5	165	1	2.70959
OW569328.1	35	NA	NA	NA	NA	NA	NA	NA	NA	NA		0
OW569328.1	36	95.91	211	0	0	0	0	4.09	9	220	1	3.26625
OW569328.1	37	26.13	58	6.31	14	17.12	38	50.45	112	222	1	0.127686
OW569328.1	38	47.3	105	3.6	8	6.76	15	42.34	94	222	1	0.670523
OW569328.1	39	90.99	202	0.9	2	0	0	8.11	18	222	1	2.82714
OW569328.1	40	39.37	87	30.32	67	28.96	64	1.36	3	221	1	0.0803425
OW569328.1	41	45.66	100	5.94	13	2.28	5	46.12	101	219	1	0.69431
OW569328.1	42	14.68	32	10.09	22	5.05	11	70.18	153	218	1	0.136692
OW569328.1	43	3.62	8	2.71	6	7.24	16	86.43	191	221	1	0.0991237
OW569328.1	44	1.82	4	4.09	9	1.36	3	92.73	204	220	0.53	0.00891829
OW569328.1	45	6.88	15	7.34	16	4.59	10	81.19	177	218	1	0.0672027
OW569328.1	46	15.91	35	5	11	9.09	20	70	154	220	1	0.193215
OW569328.1	47	80	172	3.26	7	0.93	2	15.81	34	215	1	1.69273
OW569328.1	48	50.45	112	5.86	13	8.11	18	35.59	79	222	1	0.570237
OW569328.1	49	63.35	140	7.69	17	17.65	39	11.31	25	221	1	0.972735
OW569328.1	50	31.65	69	0.46	1	0	0	67.89	148	218	1	0.543103
OW569328.1	51	56.88	124	0.46	1	0	0	42.66	93	218	1	1.09973
OW569328.1	52	8.72	19	7.34	16	7.34	16	76.61	167	218	1	0.0575236
OW569328.1	53	18.81	41	11.47	25	5.96	13	63.76	139	218	1	0.146576
OW569328.1	54	47.03	103	8.68	19	6.85	15	37.44	82	219	1	0.59615
OW569328.1	55	9.46	21	10.81	24	7.21	16	72.52	161	222	0.89	0.0191349
OW569328.1	56	42.73	94	5.45	12	0.91	2	50.91	112	220	1	0.655622
OW569328.1	57	31.02	67	19.44	42	21.76	47	27.78	60	216	1	0.128201
OW569328.1	58	21.17	47	6.31	14	12.61	28	59.91	133	222	1	0.0985176
OW569328.1	59	28.9	63	15.6	34	16.06	35	39.45	86	218	1	0.195797
OW569328.1	60	86.24	188	1.38	3	2.29	5	10.09	22	218	1	1.89343
OW569328.1	61	91.89	204	2.7	6	1.35	3	4.05	9	222	1	2.58029
OW569328.1	62	95.85	208	1.38	3	0.46	1	2.3	5	217	1	3.05168
OW569328.1	63	98.58	208	0.47	1	0.95	2	0	0	211	1	3.33741
OW569328.1	64	67.87	150	14.48	32	13.12	29	4.52	10	221	1	0.695875
OW569328.1	65	92.63	201	3.23	7	0.46	1	3.69	8	217	1	2.70959
OW569329.1	35	NA	NA	NA	NA	NA	NA	NA	NA	NA		0
OW569329.1	36	97.72	214	0	0	0.46	1	1.83	4	219	1	3.26625
OW569329.1	37	13.7	30	7.76	17	21	46	57.53	126	219	1	0.127686
OW569329.1	38	39.45	86	4.13	9	5.96	13	50.46	110	218	1	0.670523
OW569329.1	39	88.94	193	0.46	1	0	0	10.6	23	217	1	2.82714
OW569329.1	40	40.19	86	31.31	67	26.17	56	2.34	5	214	1	0.0803425
OW569329.1	41	41.1	90	7.76	17	0.91	2	50.23	110	219	1	0.69431
OW569329.1	42	16.2	35	11.11	24	6.94	15	65.74	142	216	1	0.136692
OW569329.1	43	3.24	7	1.39	3	3.24	7	92.13	199	216	1	0.0991237
OW569329.1	44	0.92	2	4.61	10	1.38	3	93.09	202	217	0.53	0.00891829
OW569329.1	45	2.79	6	7.44	16	5.58	12	84.19	181	215	1	0.0672027
OW569329.1	46	12.9	28	5.53	12	7.37	16	74.19	161	217	1	0.193215
OW569329.1	47	78.87	168	0.47	1	1.88	4	18.78	40	213	1	1.69273
OW569329.1	48	42.73	94	4.09	9	9.09	20	44.09	97	220	1	0.570237
OW569329.1	49	72.02	157	4.13	9	12.39	27	11.47	25	218	1	0.972735
OW569329.1	50	28.9	63	0.46	1	0.92	2	69.72	152	218	1	0.543103
OW569329.1	51	53.67	117	0.46	1	0	0	45.87	100	218	1	1.09973
OW569329.1	52	8.26	18	6.88	15	7.8	17	77.06	168	218	1	0.0575236
OW569329.1	53	14.75	32	10.6	23	6.91	15	67.74	147	217	1	0.146576
OW569329.1	54	44.86	96	6.54	14	11.68	25	36.92	79	214	1	0.59615
OW569329.1	55	10	22	8.18	18	8.18	18	73.64	162	220	0.89	0.0191349
OW569329.1	56	42.13	91	5.56	12	0.93	2	51.39	111	216	1	0.655622
OW569329.1	57	31.75	67	20.38	43	22.27	47	25.59	54	211	1	0.128201
OW569329.1	58	15.14	33	5.05	11	12.84	28	66.97	146	218	1	0.0985176
OW569329.1	59	26.61	58	12.39	27	18.81	41	42.2	92	218	1	0.195797
OW569329.1	60	80.45	177	2.27	5	2.27	5	15	33	220	1	1.89343
OW569329.1	61	91.36	201	1.36	3	0.91	2	6.36	14	220	1	2.58029
OW569329.1	62	95.31	203	1.41	3	1.88	4	1.41	3	213	1	3.05168
OW569329.1	63	97.63	206	0.47	1	1.42	3	0.47	1	211	1	3.33741
OW569329.1	64	62.39	136	19.27	42	13.76	30	4.59	10	218	1	0.695875
OW569329.1	65	92.09	198	0.93	2	1.86	4	5.12	11	215	1	2.70959
OW569330.1	35	NA	NA	NA	NA	NA	NA	NA	NA	NA		0
OW569330.1	36	98.79	163	0	0	0	0	1.21	2	165	1	3.26625
OW569330.1	37	16.17	27	12.57	21	19.16	32	52.1	87	167	1	0.127686
OW569330.1	38	49.1	82	4.19	7	2.4	4	44.31	74	167	1	0.670523
OW569330.1	39	89.82	150	0	0	0	0	10.18	17	167	1	2.82714
OW569330.1	40	44.03	70	28.93	46	25.79	41	1.26	2	159	1	0.0803425
OW569330.1	41	47.27	78	8.48	14	3.03	5	41.21	68	165	1	0.69431
OW569330.1	42	14.81	24	6.79	11	4.94	8	73.46	119	162	1	0.136692
OW569330.1	43	4.27	7	1.83	3	6.71	11	87.2	143	164	1	0.0991237
OW569330.1	44	1.8	3	2.99	5	1.2	2	94.01	157	167	0.53	0.00891829
OW569330.1	45	7.23	12	5.42	9	2.41	4	84.94	141	166	1	0.0672027
OW569330.1	46	9.04	15	5.42	9	13.25	22	72.29	120	166	1	0.193215
OW569330.1	47	80.63	129	0	0	1.88	3	17.5	28	160	1	1.69273
OW569330.1	48	51.52	85	1.21	2	6.67	11	40.61	67	165	1	0.570237
OW569330.1	49	60.74	99	10.43	17	16.56	27	12.27	20	163	1	0.972735
OW569330.1	50	22.16	37	0	0	0.6	1	77.25	129	167	1	0.543103
OW569330.1	51	49.7	83	0.6	1	0	0	49.7	83	167	1	1.09973
OW569330.1	52	7.23	12	5.42	9	7.23	12	80.12	133	166	1	0.0575236
OW569330.1	53	16.56	27	11.04	18	6.75	11	65.64	107	163	1	0.146576
OW569330.1	54	51.22	84	4.88	8	9.15	15	34.76	57	164	1	0.59615
OW569330.1	55	5.39	9	9.58	16	6.59	11	78.44	131	167	0.89	0.0191349
OW569330.1	56	39.76	66	7.23	12	1.2	2	51.81	86	166	1	0.655622
OW569330.1	57	37.2	61	15.24	25	19.51	32	28.05	46	164	1	0.128201
OW569330.1	58	20.36	34	5.99	10	14.37	24	59.28	99	167	1	0.0985176
OW569330.1	59	29.94	50	12.57	21	13.17	22	44.31	74	167	1	0.195797
OW569330.1	60	86.83	145	1.8	3	1.8	3	9.58	16	167	1	1.89343
OW569330.1	61	93.41	156	1.8	3	0.6	1	4.19	7	167	1	2.58029
OW569330.1	62	95.78	159	0	0	2.41	4	1.81	3	166	1	3.05168
OW569330.1	63	96.97	160	1.82	3	0.61	1	0.61	1	165	1	3.33741
OW569330.1	64	67.88	112	19.39	32	7.88	13	4.85	8	165	1	0.695875
OW569330.1	65	94.48	154	1.84	3	2.45	4	1.23	2	163	1	2.70959
OW569331.1	35	NA	NA	NA	NA	NA	NA	NA	NA	NA		0
OW569331.1	36	95.86	139	0	0	0	0	4.14	6	145	1	3.26625
OW569331.1	37	11.72	17	6.21	9	24.14	35	57.93	84	145	1	0.127686
OW569331.1	38	35.86	52	4.14	6	4.14	6	55.86	81	145	1	0.670523
OW569331.1	39	91.03	132	0.69	1	0.69	1	7.59	11	145	1	2.82714
OW569331.1	40	40.29	56	32.37	45	26.62	37	0.72	1	139	1	0.0803425
OW569331.1	41	40	58	13.1	19	1.38	2	45.52	66	145	1	0.69431
OW569331.1	42	20.14	29	6.25	9	5.56	8	68.06	98	144	1	0.136692
OW569331.1	43	4.86	7	0	0	7.64	11	87.5	126	144	1	0.0991237
OW569331.1	44	4.17	6	5.56	8	0.69	1	89.58	129	144	0.53	0.00891829
OW569331.1	45	6.99	10	6.99	10	2.8	4	83.22	119	143	1	0.0672027
OW569331.1	46	20.83	30	6.25	9	4.86	7	68.06	98	144	1	0.193215
OW569331.1	47	81.56	115	1.42	2	0	0	17.02	24	141	1	1.69273
OW569331.1	48	34.72	50	7.64	11	13.89	20	43.75	63	144	1	0.570237
OW569331.1	49	73.43	105	5.59	8	7.69	11	13.29	19	143	1	0.972735
OW569331.1	50	27.78	40	2.08	3	2.08	3	68.06	98	144	1	0.543103
OW569331.1	51	52.78	76	0	0	0	0	47.22	68	144	1	1.09973
OW569331.1	52	4.86	7	8.33	12	10.42	15	76.39	110	144	1	0.0575236
OW569331.1	53	19.44	28	8.33	12	9.03	13	63.19	91	144	1	0.146576
OW569331.1	54	50	70	7.86	11	5.71	8	36.43	51	140	1	0.59615
OW569331.1	55	11.03	16	6.21	9	9.66	14	73.1	106	145	0.89	0.0191349
OW569331.1	56	33.1	48	6.21	9	4.14	6	56.55	82	145	1	0.655622
OW569331.1	57	28.47	41	19.44	28	20.14	29	31.94	46	144	1	0.128201
OW569331.1	58	12.41	18	9.66	14	13.1	19	64.83	94	145	1	0.0985176
OW569331.1	59	31.94	46	8.33	12	12.5	18	47.22	68	144	1	0.195797
OW569331.1	60	81.82	117	2.8	4	0	0	15.38	22	143	1	1.89343
OW569331.1	61	91.67	132	0.69	1	1.39	2	6.25	9	144	1	2.58029
OW569331.1	62	94.41	135	0	0	1.4	2	4.2	6	143	1	3.05168
OW569331.1	63	95.71	134	2.86	4	0	0	1.43	2	140	1	3.33741
OW569331.1	64	62.76	91	9.66	14	25.52	37	2.07	3	145	1	0.695875
OW569331.1	65	90.97	131	2.08	3	2.08	3	4.86	7	144	1	2.70959
OW569332.1	35	NA	NA	NA	NA	NA	NA	NA	NA	NA		0
OW569332.1	36	93.6	190	0	0	0	0	6.4	13	203	1	3.26625
OW569332.1	37	16.34	33	9.41	19	18.81	38	55.45	112	202	1	0.127686
OW569332.1	38	51.72	105	4.43	9	2.96	6	40.89	83	203	1	0.670523
OW569332.1	39	95.07	193	0	0	0.49	1	4.43	9	203	1	2.82714
OW569332.1	40	37.62	76	33.66	68	27.72	56	0.99	2	202	1	0.0803425
OW569332.1	41	53.47	108	7.43	15	0.99	2	38.12	77	202	1	0.69431
OW569332.1	42	16.34	33	4.95	10	9.9	20	68.81	139	202	1	0.136692
OW569332.1	43	5.37	11	2.93	6	6.34	13	85.37	175	205	1	0.0991237
OW569332.1	44	6.83	14	3.9	8	2.93	6	86.34	177	205	0.53	0.00891829
OW569332.1	45	8.33	17	10.29	21	1.96	4	79.41	162	204	1	0.0672027
OW569332.1	46	15.2	31	5.88	12	9.8	20	69.12	141	204	1	0.193215
OW569332.1	47	84	168	0.5	1	1	2	14.5	29	200	1	1.69273
OW569332.1	48	46.31	94	1.97	4	9.85	20	41.87	85	203	1	0.570237
OW569332.1	49	69.95	142	6.9	14	12.81	26	10.34	21	203	1	0.972735
OW569332.1	50	35.64	72	0.99	2	0.5	1	62.87	127	202	1	0.543103
OW569332.1	51	55.45	112	0.5	1	0.5	1	43.56	88	202	1	1.09973
OW569332.1	52	11.71	24	5.85	12	11.22	23	71.22	146	205	1	0.0575236
OW569332.1	53	17.09	34	14.07	28	7.54	15	61.31	122	199	1	0.146576
OW569332.1	54	53.4	102	7.85	15	3.66	7	35.08	67	191	1	0.59615
OW569332.1	55	12.2	25	8.29	17	9.27	19	70.24	144	205	0.89	0.0191349
OW569332.1	56	40.39	82	6.4	13	1.97	4	51.23	104	203	1	0.655622
OW569332.1	57	33	66	17	34	21	42	29	58	200	1	0.128201
OW569332.1	58	19.21	39	8.37	17	13.3	27	59.11	120	203	1	0.0985176
OW569332.1	59	32.02	65	14.29	29	17.73	36	35.96	73	203	1	0.195797
OW569332.1	60	84.31	172	1.96	4	2.45	5	11.27	23	204	1	1.89343
OW569332.1	61	94.15	193	2.44	5	0.98	2	2.44	5	205	1	2.58029
OW569332.1	62	97.54	198	0	0	0.49	1	1.97	4	203	1	3.05168
OW569332.1	63	96.02	193	1.49	3	2.49	5	0	0	201	1	3.33741
OW569332.1	64	60.29	123	22.06	45	15.2	31	2.45	5	204	1	0.695875
OW569332.1	65	92	184	1.5	3	0.5	1	6	12	200	1	2.70959
OW569333.1	35	NA	NA	NA	NA	NA	NA	NA	NA	NA		0
OW569333.1	36	98.24	167	0	0	0.59	1	1.18	2	170	1	3.26625
OW569333.1	37	15.79	27	9.94	17	19.3	33	54.97	94	171	1	0.127686
OW569333.1	38	40.94	70	3.51	6	2.92	5	52.63	90	171	1	0.670523
OW569333.1	39	90.06	154	0	0	0	0	9.94	17	171	1	2.82714
OW569333.1	40	34.52	58	20.83	35	41.07	69	3.57	6	168	1	0.0803425
OW569333.1	41	39.64	67	5.92	10	1.78	3	52.66	89	169	1	0.69431
OW569333.1	42	11.38	19	10.18	17	4.79	8	73.65	123	167	1	0.136692
OW569333.1	43	5.92	10	0.59	1	5.92	10	87.57	148	169	1	0.0991237
OW569333.1	44	2.37	4	2.96	5	2.96	5	91.72	155	169	0.53	0.00891829
OW569333.1	45	4.17	7	8.33	14	2.38	4	85.12	143	168	1	0.0672027
OW569333.1	46	13.53	23	6.47	11	8.82	15	71.18	121	170	1	0.193215
OW569333.1	47	78.4	127	1.23	2	0.62	1	19.75	32	162	1	1.69273
OW569333.1	48	35.5	60	2.96	5	8.88	15	52.66	89	169	1	0.570237
OW569333.1	49	64.85	107	6.67	11	13.33	22	15.15	25	165	1	0.972735
OW569333.1	50	23.81	40	1.79	3	1.19	2	73.21	123	168	1	0.543103
OW569333.1	51	52.98	89	0	0	0	0	47.02	79	168	1	1.09973
OW569333.1	52	9.47	16	10.65	18	10.65	18	69.23	117	169	1	0.0575236
OW569333.1	53	28.05	46	9.76	16	5.49	9	56.71	93	164	1	0.146576
OW569333.1	54	49.64	68	8.76	12	8.03	11	33.58	46	137	1	0.59615
OW569333.1	55	17.54	30	8.77	15	7.6	13	66.08	113	171	0.89	0.0191349
OW569333.1	56	41.67	70	6.55	11	1.79	3	50	84	168	1	0.655622
OW569333.1	57	38.27	62	11.11	18	20.37	33	30.25	49	162	1	0.128201
OW569333.1	58	11.76	20	7.65	13	8.24	14	72.35	123	170	1	0.0985176
OW569333.1	59	27.22	46	11.24	19	15.98	27	45.56	77	169	1	0.195797
OW569333.1	60	85.21	144	1.18	2	1.18	2	12.43	21	169	1	1.89343
OW569333.1	61	89.41	152	2.94	5	0.59	1	7.06	12	170	1	2.58029
OW569333.1	62	94.15	161	0.58	1	1.75	3	3.51	6	171	1	3.05168
OW569333.1	63	97.04	164	0.59	1	0.59	1	1.78	3	169	1	3.33741
OW569333.1	64	60.82	104	19.88	34	16.37	28	2.92	5	171	1	0.695875
OW569333.1	65	88.82	151	2.35	4	0.59	1	8.24	14	170	1	2.70959
OW569334.1	35	NA	NA	NA	NA	NA	NA	NA	NA	NA		0
OW569334.1	36	96.06	122	0	0	0	0	3.94	5	127	1	3.26625
OW569334.1	37	25	31	8.06	10	17.74	22	49.19	61	124	1	0.127686
OW569334.1	38	51.61	64	2.42	3	4.84	6	41.13	51	124	1	0.670523
OW569334.1	39	92.06	116	0	0	0	0	7.94	10	126	1	2.82714
OW569334.1	40	32.26	40	31.45	39	35.48	44	0.81	1	124	1	0.0803425
OW569334.1	41	52.76	67	4.72	6	0	0	42.52	54	127	1	0.69431
OW569334.1	42	14.29	18	7.14	9	5.56	7	73.02	92	126	1	0.136692
OW569334.1	43	7.14	9	0	0	4.76	6	88.1	111	126	1	0.0991237
OW569334.1	44	2.4	3	7.2	9	3.2	4	87.2	109	125	0.53	0.00891829
OW569334.1	45	12.9	16	4.84	6	1.61	2	80.65	100	124	1	0.0672027
OW569334.1	46	11.29	14	7.26	9	8.87	11	72.58	90	124	1	0.193215
OW569334.1	47	83.82	57	1.47	1	2.94	2	11.76	8	68	1	1.69273
OW569334.1	48	44.35	55	4.84	6	5.65	7	45.16	56	124	1	0.570237
OW569334.1	49	72	90	6.4	8	16	20	5.6	7	125	1	0.972735
OW569334.1	50	26.4	33	2.4	3	0.8	1	70.4	88	125	1	0.543103
OW569334.1	51	55.2	69	0	0	0	0	44.8	56	125	1	1.09973
OW569334.1	52	7.09	9	5.51	7	7.09	9	80.31	102	127	1	0.0575236
OW569334.1	53	19.05	24	15.08	19	7.14	9	58.73	74	126	1	0.146576
OW569334.1	54	55.65	69	5.65	7	8.06	10	30.65	38	124	1	0.59615
OW569334.1	55	8.66	11	11.02	14	7.87	10	72.44	92	127	0.89	0.0191349
OW569334.1	56	41.27	52	6.35	8	1.59	2	50.79	64	126	1	0.655622
OW569334.1	57	37.4	46	20.33	25	15.45	19	26.83	33	123	1	0.128201
OW569334.1	58	17.46	22	8.73	11	11.9	15	61.9	78	126	1	0.0985176
OW569334.1	59	32.54	41	14.29	18	13.49	17	39.68	50	126	1	0.195797
OW569334.1	60	84.25	107	2.36	3	1.57	2	11.81	15	127	1	1.89343
OW569334.1	61	88.98	113	3.15	4	2.36	3	5.51	7	127	1	2.58029
OW569334.1	62	96.72	118	0	0	2.46	3	0.82	1	122	1	3.05168
OW569334.1	63	97.52	118	1.65	2	0	0	0.83	1	121	1	3.33741
OW569334.1	64	67.72	86	15.75	20	13.39	17	3.15	4	127	1	0.695875
OW569334.1	65	95.24	120	0.79	1	1.59	2	2.38	3	126	1	2.70959
OW569335.1	35	NA	NA	NA	NA	NA	NA	NA	NA	NA		0
OW569335.1	36	97.96	96	0	0	0	0	2.04	2	98	1	3.26625
OW569335.1	37	18.56	18	5.15	5	24.74	24	51.55	50	97	1	0.127686
OW569335.1	38	46.39	45	7.22	7	2.06	2	44.33	43	97	1	0.670523
OW569335.1	39	90.91	90	0	0	0	0	9.09	9	99	1	2.82714
OW569335.1	40	39.8	39	23.47	23	34.69	34	2.04	2	98	1	0.0803425
OW569335.1	41	43.43	43	7.07	7	3.03	3	46.46	46	99	1	0.69431
OW569335.1	42	15.46	15	7.22	7	6.19	6	71.13	69	97	1	0.136692
OW569335.1	43	11.34	11	0	0	1.03	1	87.63	85	97	1	0.0991237
OW569335.1	44	2.02	2	8.08	8	8.08	8	81.82	81	99	0.53	0.00891829
OW569335.1	45	6.12	6	7.14	7	3.06	3	83.67	82	98	1	0.0672027
OW569335.1	46	17.35	17	11.22	11	9.18	9	62.24	61	98	1	0.193215
OW569335.1	47	80.46	70	1.15	1	3.45	3	14.94	13	87	1	1.69273
OW569335.1	48	47.47	47	3.03	3	9.09	9	40.4	40	99	1	0.570237
OW569335.1	49	69.7	69	6.06	6	13.13	13	11.11	11	99	1	0.972735
OW569335.1	50	27.55	27	0	0	0	0	72.45	71	98	1	0.543103
OW569335.1	51	59.18	58	1.02	1	1.02	1	38.78	38	98	1	1.09973
OW569335.1	52	11.34	11	5.15	5	12.37	12	71.13	69	97	1	0.0575236
OW569335.1	53	23.16	22	9.47	9	7.37	7	60	57	95	1	0.146576
OW569335.1	54	43.18	38	7.95	7	6.82	6	42.05	37	88	1	0.59615
OW569335.1	55	13.4	13	13.4	13	11.34	11	61.86	60	97	0.89	0.0191349
OW569335.1	56	44.79	43	6.25	6	1.04	1	47.92	46	96	1	0.655622
OW569335.1	57	38.04	35	13.04	12	27.17	25	21.74	20	92	1	0.128201
OW569335.1	58	20.2	20	5.05	5	9.09	9	65.66	65	99	1	0.0985176
OW569335.1	59	15.15	15	10.1	10	27.27	27	47.47	47	99	1	0.195797
OW569335.1	60	80.81	80	2.02	2	1.01	1	16.16	16	99	1	1.89343
OW569335.1	61	91.92	91	1.01	1	1.01	1	6.06	6	99	1	2.58029
OW569335.1	62	95.96	95	0	0	1.01	1	3.03	3	99	1	3.05168
OW569335.1	63	98.97	96	0	0	1.03	1	0	0	97	1	3.33741
OW569335.1	64	62.24	61	16.33	16	14.29	14	7.14	7	98	1	0.695875
OW569335.1	65	96.84	92	0	0	1.05	1	2.11	2	95	1	2.70959
OW569336.1	35	NA	NA	NA	NA	NA	NA	NA	NA	NA		0
OW569336.1	36	98.84	171	0	0	0	0	1.16	2	173	1	3.26625
OW569336.1	37	15.91	28	8.52	15	15.34	27	60.23	106	176	1	0.127686
OW569336.1	38	42.7	76	3.93	7	5.06	9	48.31	86	178	1	0.670523
OW569336.1	39	92.13	164	1.12	2	0	0	6.74	12	178	1	2.82714
OW569336.1	40	41.57	74	30.34	54	25.28	45	2.81	5	178	1	0.0803425
OW569336.1	41	41.48	73	7.39	13	3.41	6	47.73	84	176	1	0.69431
OW569336.1	42	13.14	23	10.86	19	5.71	10	70.29	123	175	1	0.136692
OW569336.1	43	5.65	10	2.82	5	3.39	6	88.14	156	177	1	0.0991237
OW569336.1	44	5.08	9	5.65	10	1.69	3	87.57	155	177	0.53	0.00891829
OW569336.1	45	5.17	9	5.17	9	2.3	4	87.36	152	174	1	0.0672027
OW569336.1	46	12.57	22	5.14	9	8	14	74.29	130	175	1	0.193215
OW569336.1	47	77.65	132	1.18	2	1.18	2	20	34	170	1	1.69273
OW569336.1	48	45.2	80	1.69	3	12.43	22	40.68	72	177	1	0.570237
OW569336.1	49	71.68	124	6.36	11	10.4	18	11.56	20	173	1	0.972735
OW569336.1	50	33.14	58	0.57	1	0	0	66.29	116	175	1	0.543103
OW569336.1	51	53.14	93	1.14	2	1.14	2	44.57	78	175	1	1.09973
OW569336.1	52	10.17	18	7.34	13	6.21	11	76.27	135	177	1	0.0575236
OW569336.1	53	19.43	34	14.86	26	7.43	13	58.29	102	175	1	0.146576
OW569336.1	54	53.71	94	8.57	15	6.86	12	30.86	54	175	1	0.59615
OW569336.1	55	11.8	21	11.24	20	7.3	13	69.66	124	178	0.89	0.0191349
OW569336.1	56	48.31	86	2.25	4	2.81	5	46.63	83	178	1	0.655622
OW569336.1	57	21.26	37	22.41	39	28.16	49	28.16	49	174	1	0.128201
OW569336.1	58	10.8	19	12.5	22	18.75	33	57.95	102	176	1	0.0985176
OW569336.1	59	24.16	43	7.87	14	14.61	26	53.37	95	178	1	0.195797
OW569336.1	60	86.29	151	1.14	2	0	0	12.57	22	175	1	1.89343
OW569336.1	61	92	161	2.86	5	0.57	1	4.57	8	175	1	2.58029
OW569336.1	62	96.57	169	0	0	0.57	1	2.86	5	175	1	3.05168
OW569336.1	63	96.53	167	0.58	1	1.73	3	1.16	2	173	1	3.33741
OW569336.1	64	53.41	94	23.3	41	20.45	36	2.84	5	176	1	0.695875
OW569336.1	65	94.83	165	0	0	2.3	4	2.87	5	174	1	2.70959
OW569337.1	35	NA	NA	NA	NA	NA	NA	NA	NA	NA		0
OW569337.1	36	96.32	131	0	0	0.74	1	2.94	4	136	1	3.26625
OW569337.1	37	19.57	27	5.8	8	18.84	26	55.8	77	138	1	0.127686
OW569337.1	38	42.03	58	5.8	8	4.35	6	47.83	66	138	1	0.670523
OW569337.1	39	93.43	128	0	0	0	0	6.57	9	137	1	2.82714
OW569337.1	40	31.39	43	27.74	38	39.42	54	1.46	2	137	1	0.0803425
OW569337.1	41	44.2	61	4.35	6	2.17	3	49.28	68	138	1	0.69431
OW569337.1	42	10.22	14	10.95	15	5.84	8	72.99	100	137	1	0.136692
OW569337.1	43	7.3	10	1.46	2	5.11	7	86.13	118	137	1	0.0991237
OW569337.1	44	2.21	3	4.41	6	4.41	6	88.97	121	136	0.53	0.00891829
OW569337.1	45	7.35	10	3.68	5	0.74	1	88.24	120	136	1	0.0672027
OW569337.1	46	11.59	16	5.8	8	10.14	14	72.46	100	138	1	0.193215
OW569337.1	47	82.58	109	0.76	1	0	0	16.67	22	132	1	1.69273
OW569337.1	48	37.68	52	2.9	4	10.14	14	49.28	68	138	1	0.570237
OW569337.1	49	78.68	107	8.09	11	5.15	7	8.09	11	136	1	0.972735
OW569337.1	50	31.16	43	0	0	1.45	2	67.39	93	138	1	0.543103
OW569337.1	51	62.32	86	0.72	1	0	0	36.96	51	138	1	1.09973
OW569337.1	52	8.7	12	8.7	12	5.8	8	76.81	106	138	1	0.0575236
OW569337.1	53	15.33	21	10.22	14	5.84	8	68.61	94	137	1	0.146576
OW569337.1	54	49.64	68	14.6	20	2.92	4	32.85	45	137	1	0.59615
OW569337.1	55	12.32	17	14.49	20	7.97	11	65.22	90	138	0.89	0.0191349
OW569337.1	56	46.38	64	3.62	5	3.62	5	46.38	64	138	1	0.655622
OW569337.1	57	33.33	45	21.48	29	22.22	30	22.96	31	135	1	0.128201
OW569337.1	58	16.18	22	7.35	10	13.24	18	63.24	86	136	1	0.0985176
OW569337.1	59	24.63	33	10.45	14	19.4	26	45.52	61	134	1	0.195797
OW569337.1	60	80.15	109	1.47	2	3.68	5	14.71	20	136	1	1.89343
OW569337.1	61	92.75	128	2.17	3	0	0	5.07	7	138	1	2.58029
OW569337.1	62	95.52	128	0	0	1.49	2	2.99	4	134	1	3.05168
OW569337.1	63	96.97	128	2.27	3	0.76	1	0	0	132	1	3.33741
OW569337.1	64	69.57	96	18.12	25	10.87	15	1.45	2	138	1	0.695875
OW569337.1	65	88.97	121	2.21	3	2.21	3	6.62	9	136	1	2.70959
OW569338.1	35	NA	NA	NA	NA	NA	NA	NA	NA	NA		0
OW569338.1	36	95.24	120	0	0	0	0	4.76	6	126	1	3.26625
OW569338.1	37	12.8	16	4.8	6	18.4	23	64	80	125	1	0.127686
OW569338.1	38	44	55	3.2	4	3.2	4	49.6	62	125	1	0.670523
OW569338.1	39	91.27	115	0.79	1	0	0	7.94	10	126	1	2.82714
OW569338.1	40	38.4	48	24.8	31	36	45	0.8	1	125	1	0.0803425
OW569338.1	41	41.27	52	6.35	8	2.38	3	50	63	126	1	0.69431
OW569338.1	42	11.38	14	11.38	14	6.5	8	70.73	87	123	1	0.136692
OW569338.1	43	2.44	3	1.63	2	1.63	2	94.31	116	123	1	0.0991237
OW569338.1	44	4.84	6	7.26	9	3.23	4	84.68	105	124	0.53	0.00891829
OW569338.1	45	4.92	6	5.74	7	2.46	3	86.89	106	122	1	0.0672027
OW569338.1	46	12.9	16	7.26	9	4.03	5	75.81	94	124	1	0.193215
OW569338.1	47	81.45	101	0	0	1.61	2	16.94	21	124	1	1.69273
OW569338.1	48	48	60	1.6	2	8.8	11	41.6	52	125	1	0.570237
OW569338.1	49	69.92	86	8.13	10	13.01	16	8.94	11	123	1	0.972735
OW569338.1	50	29.84	37	0	0	0.81	1	69.35	86	124	1	0.543103
OW569338.1	51	58.06	72	2.42	3	0	0	39.52	49	124	1	1.09973
OW569338.1	52	9.52	12	3.97	5	4.76	6	81.75	103	126	1	0.0575236
OW569338.1	53	13.82	17	17.89	22	8.94	11	59.35	73	123	1	0.146576
OW569338.1	54	55.37	67	5.79	7	8.26	10	30.58	37	121	1	0.59615
OW569338.1	55	13.49	17	15.08	19	7.94	10	63.49	80	126	0.89	0.0191349
OW569338.1	56	50	63	4.76	6	1.59	2	43.65	55	126	1	0.655622
OW569338.1	57	31.15	38	18.85	23	27.05	33	22.95	28	122	1	0.128201
OW569338.1	58	11.11	14	5.56	7	12.7	16	70.63	89	126	1	0.0985176
OW569338.1	59	15.08	19	16.67	21	19.84	25	48.41	61	126	1	0.195797
OW569338.1	60	85.71	108	1.59	2	2.38	3	10.32	13	126	1	1.89343
OW569338.1	61	92.06	116	3.17	4	1.59	2	3.17	4	126	1	2.58029
OW569338.1	62	96.03	121	0.79	1	1.59	2	1.59	2	126	1	3.05168
OW569338.1	63	97.62	123	0.79	1	1.59	2	0	0	126	1	3.33741
OW569338.1	64	62.9	78	20.97	26	12.9	16	3.23	4	124	1	0.695875
OW569338.1	65	92.56	112	1.65	2	2.48	3	3.31	4	121	1	2.70959
OW569339.1	35	NA	NA	NA	NA	NA	NA	NA	NA	NA		0
OW569339.1	36	98.91	91	0	0	0	0	1.09	1	92	1	3.26625
OW569339.1	37	14.13	13	5.43	5	27.17	25	53.26	49	92	1	0.127686
OW569339.1	38	54.95	50	6.59	6	1.1	1	37.36	34	91	1	0.670523
OW569339.1	39	95.6	87	0	0	0	0	4.4	4	91	1	2.82714
OW569339.1	40	36.67	33	31.11	28	32.22	29	0	0	90	1	0.0803425
OW569339.1	41	55.06	49	11.24	10	0	0	33.71	30	89	1	0.69431
OW569339.1	42	14.77	13	5.68	5	4.55	4	75	66	88	1	0.136692
OW569339.1	43	2.22	2	4.44	4	0	0	93.33	84	90	1	0.0991237
OW569339.1	44	3.3	3	2.2	2	1.1	1	93.41	85	91	0.53	0.00891829
OW569339.1	45	2.5	2	6.25	5	2.5	2	88.75	71	80	1	0.0672027
OW569339.1	46	12.5	10	6.25	5	15	12	66.25	53	80	1	0.193215
OW569339.1	47	87.64	78	0	0	1.12	1	11.24	10	89	1	1.69273
OW569339.1	48	55.43	51	4.35	4	3.26	3	36.96	34	92	1	0.570237
OW569339.1	49	75	69	5.43	5	10.87	10	8.7	8	92	1	0.972735
OW569339.1	50	27.17	25	0	0	0	0	72.83	67	92	1	0.543103
OW569339.1	51	65.22	60	0	0	0	0	34.78	32	92	1	1.09973
OW569339.1	52	11.96	11	8.7	8	10.87	10	68.48	63	92	1	0.0575236
OW569339.1	53	21.35	19	11.24	10	7.87	7	59.55	53	89	1	0.146576
OW569339.1	54	47.06	40	11.76	10	12.94	11	28.24	24	85	1	0.59615
OW569339.1	55	7.61	7	9.78	9	6.52	6	76.09	70	92	0.89	0.0191349
OW569339.1	56	38.46	35	6.59	6	5.49	5	49.45	45	91	1	0.655622
OW569339.1	57	44.19	38	17.44	15	16.28	14	22.09	19	86	1	0.128201
OW569339.1	58	13.04	12	9.78	9	9.78	9	67.39	62	92	1	0.0985176
OW569339.1	59	28.57	26	10.99	10	18.68	17	41.76	38	91	1	0.195797
OW569339.1	60	80.22	73	2.2	2	0	0	17.58	16	91	1	1.89343
OW569339.1	61	91.3	84	1.09	1	1.09	1	6.52	6	92	1	2.58029
OW569339.1	62	94.57	87	0	0	0	0	5.43	5	92	1	3.05168
OW569339.1	63	93.48	86	2.17	2	2.17	2	2.17	2	92	1	3.33741
OW569339.1	64	77.17	71	16.3	15	4.35	4	2.17	2	92	1	0.695875
OW569339.1	65	96.67	87	1.11	1	2.22	2	0	0	90	1	2.70959
OW569339.1	35	NA	NA	NA	NA	NA	NA	NA	NA	NA		0
OW569339.1	36	98.91	91	0	0	0	0	1.09	1	92	1	3.26625
OW569339.1	37	14.13	13	5.43	5	27.17	25	53.26	49	92	1	0.127686
OW569339.1	38	54.95	50	6.59	6	1.1	1	37.36	34	91	1	0.670523
OW569339.1	39	95.6	87	0	0	0	0	4.4	4	91	1	2.82714
OW569339.1	40	36.67	33	31.11	28	32.22	29	0	0	90	1	0.0803425
OW569339.1	41	55.06	49	11.24	10	0	0	33.71	30	89	1	0.69431
OW569339.1	42	14.77	13	5.68	5	4.55	4	75	66	88	1	0.136692
OW569339.1	43	2.22	2	4.44	4	0	0	93.33	84	90	1	0.0991237
OW569339.1	44	3.3	3	2.2	2	1.1	1	93.41	85	91	0.53	0.00891829
OW569339.1	45	2.5	2	6.25	5	2.5	2	88.75	71	80	1	0.0672027
OW569339.1	46	12.5	10	6.25	5	15	12	66.25	53	80	1	0.193215
OW569339.1	47	87.64	78	0	0	1.12	1	11.24	10	89	1	1.69273
OW569339.1	48	55.43	51	4.35	4	3.26	3	36.96	34	92	1	0.570237
OW569339.1	49	75	69	5.43	5	10.87	10	8.7	8	92	1	0.972735
OW569339.1	50	27.17	25	0	0	0	0	72.83	67	92	1	0.543103
OW569339.1	51	65.22	60	0	0	0	0	34.78	32	92	1	1.09973
OW569339.1	52	11.96	11	8.7	8	10.87	10	68.48	63	92	1	0.0575236
OW569339.1	53	21.35	19	11.24	10	7.87	7	59.55	53	89	1	0.146576
OW569339.1	54	47.06	40	11.76	10	12.94	11	28.24	24	85	1	0.59615
OW569339.1	55	7.61	7	9.78	9	6.52	6	76.09	70	92	0.89	0.0191349
OW569339.1	56	38.46	35	6.59	6	5.49	5	49.45	45	91	1	0.655622
OW569339.1	57	44.19	38	17.44	15	16.28	14	22.09	19	86	1	0.128201
OW569339.1	58	13.04	12	9.78	9	9.78	9	67.39	62	92	1	0.0985176
OW569339.1	59	28.57	26	10.99	10	18.68	17	41.76	38	91	1	0.195797
OW569339.1	60	80.22	73	2.2	2	0	0	17.58	16	91	1	1.89343
OW569339.1	61	91.3	84	1.09	1	1.09	1	6.52	6	92	1	2.58029
OW569339.1	62	94.57	87	0	0	0	0	5.43	5	92	1	3.05168
OW569339.1	63	93.48	86	2.17	2	2.17	2	2.17	2	92	1	3.33741
OW569339.1	64	77.17	71	16.3	15	4.35	4	2.17	2	92	1	0.695875
OW569339.1	65	96.67	87	1.11	1	2.22	2	0	0	90	1	2.70959
OW569340.1	35	NA	NA	NA	NA	NA	NA	NA	NA	NA		0
OW569340.1	36	93.75	105	0	0	0.89	1	5.36	6	112	1	3.26625
OW569340.1	37	15.93	18	4.42	5	30.09	34	49.56	56	113	1	0.127686
OW569340.1	38	46.9	53	3.54	4	6.19	7	43.36	49	113	1	0.670523
OW569340.1	39	92.86	104	0	0	0	0	7.14	8	112	1	2.82714
OW569340.1	40	37.84	42	30.63	34	29.73	33	1.8	2	111	1	0.0803425
OW569340.1	41	33.63	38	8.85	10	3.54	4	53.98	61	113	1	0.69431
OW569340.1	42	14.29	16	1.79	2	3.57	4	80.36	90	112	1	0.136692
OW569340.1	43	1.79	2	0	0	8.04	9	90.18	101	112	1	0.0991237
OW569340.1	44	1.77	2	1.77	2	0.88	1	95.58	108	113	0.53	0.00891829
OW569340.1	45	5.36	6	3.57	4	0.89	1	90.18	101	112	1	0.0672027
OW569340.1	46	12.5	14	8.04	9	9.82	11	69.64	78	112	1	0.193215
OW569340.1	47	78.9	86	0	0	1.83	2	19.27	21	109	1	1.69273
OW569340.1	48	50	56	1.79	2	10.71	12	37.5	42	112	1	0.570237
OW569340.1	49	74.11	83	8.04	9	15.18	17	2.68	3	112	1	0.972735
OW569340.1	50	25.66	29	0	0	1.77	2	72.57	82	113	1	0.543103
OW569340.1	51	46.02	52	0	0	1.77	2	52.21	59	113	1	1.09973
OW569340.1	52	10	11	0.91	1	13.64	15	75.45	83	110	1	0.0575236
OW569340.1	53	11.11	12	12.96	14	12.04	13	63.89	69	108	1	0.146576
OW569340.1	54	45.87	50	8.26	9	8.26	9	37.61	41	109	1	0.59615
OW569340.1	55	7.14	8	7.14	8	8.93	10	76.79	86	112	0.89	0.0191349
OW569340.1	56	44.14	49	5.41	6	1.8	2	48.65	54	111	1	0.655622
OW569340.1	57	32.43	36	19.82	22	19.82	22	27.93	31	111	1	0.128201
OW569340.1	58	13.27	15	3.54	4	13.27	15	69.91	79	113	1	0.0985176
OW569340.1	59	20.72	23	13.51	15	15.32	17	50.45	56	111	1	0.195797
OW569340.1	60	82.88	92	0.9	1	1.8	2	14.41	16	111	1	1.89343
OW569340.1	61	87.61	99	1.77	2	0.88	1	9.73	11	113	1	2.58029
OW569340.1	62	93.75	105	1.79	2	1.79	2	2.68	3	112	1	3.05168
OW569340.1	63	97.3	108	0.9	1	0.9	1	0.9	1	111	1	3.33741
OW569340.1	64	72.57	82	12.39	14	11.5	13	3.54	4	113	1	0.695875
OW569340.1	65	90	99	0.91	1	1.82	2	7.27	8	110	1	2.70959
OW569341.1	35	NA	NA	NA	NA	NA	NA	NA	NA	NA		0
OW569341.1	36	96.36	53	0	0	0	0	3.64	2	55	1	3.26625
OW569341.1	37	12.5	7	7.14	4	25	14	55.36	31	56	1	0.127686
OW569341.1	38	48.21	27	0	0	3.57	2	48.21	27	56	1	0.670523
OW569341.1	39	87.5	49	0	0	0	0	12.5	7	56	1	2.82714
OW569341.1	40	38.18	21	38.18	21	20	11	3.64	2	55	1	0.0803425
OW569341.1	41	35.71	20	7.14	4	1.79	1	55.36	31	56	1	0.69431
OW569341.1	42	7.27	4	20	11	9.09	5	63.64	35	55	1	0.136692
OW569341.1	43	1.82	1	0	0	9.09	5	89.09	49	55	1	0.0991237
OW569341.1	44	1.79	1	0	0	7.14	4	91.07	51	56	0.53	0.00891829
OW569341.1	45	7.14	4	7.14	4	3.57	2	82.14	46	56	1	0.0672027
OW569341.1	46	23.21	13	5.36	3	3.57	2	67.86	38	56	1	0.193215
OW569341.1	47	83.33	45	1.85	1	1.85	1	12.96	7	54	1	1.69273
OW569341.1	48	44.64	25	7.14	4	12.5	7	35.71	20	56	1	0.570237
OW569341.1	49	73.21	41	8.93	5	3.57	2	14.29	8	56	1	0.972735
OW569341.1	50	35.71	20	0	0	0	0	64.29	36	56	1	0.543103
OW569341.1	51	53.57	30	0	0	0	0	46.43	26	56	1	1.09973
OW569341.1	52	14.29	8	10.71	6	19.64	11	55.36	31	56	1	0.0575236
OW569341.1	53	31.48	17	7.41	4	3.7	2	57.41	31	54	1	0.146576
OW569341.1	54	55.56	30	9.26	5	7.41	4	27.78	15	54	1	0.59615
OW569341.1	55	23.64	13	3.64	2	10.91	6	61.82	34	55	0.89	0.0191349
OW569341.1	56	50	27	0	0	5.56	3	44.44	24	54	1	0.655622
OW569341.1	57	41.82	23	16.36	9	20	11	21.82	12	55	1	0.128201
OW569341.1	58	12.5	7	5.36	3	7.14	4	75	42	56	1	0.0985176
OW569341.1	59	16.07	9	8.93	5	26.79	15	48.21	27	56	1	0.195797
OW569341.1	60	78.57	44	3.57	2	1.79	1	16.07	9	56	1	1.89343
OW569341.1	61	80.36	45	1.79	1	1.79	1	16.07	9	56	1	2.58029
OW569341.1	62	88.89	48	1.85	1	1.85	1	7.41	4	54	1	3.05168
OW569341.1	63	96.3	52	0	0	3.7	2	0	0	54	1	3.33741
OW569341.1	64	53.57	30	23.21	13	16.07	9	7.14	4	56	1	0.695875
OW569341.1	65	94.55	52	3.64	2	0	0	1.82	1	55	1	2.70959
OW569341.1	35	NA	NA	NA	NA	NA	NA	NA	NA	NA		0
OW569341.1	36	96.36	53	0	0	0	0	3.64	2	55	1	3.26625
OW569341.1	37	12.5	7	7.14	4	25	14	55.36	31	56	1	0.127686
OW569341.1	38	48.21	27	0	0	3.57	2	48.21	27	56	1	0.670523
OW569341.1	39	87.5	49	0	0	0	0	12.5	7	56	1	2.82714
OW569341.1	40	38.18	21	38.18	21	20	11	3.64	2	55	1	0.0803425
OW569341.1	41	35.71	20	7.14	4	1.79	1	55.36	31	56	1	0.69431
OW569341.1	42	7.27	4	20	11	9.09	5	63.64	35	55	1	0.136692
OW569341.1	43	1.82	1	0	0	9.09	5	89.09	49	55	1	0.0991237
OW569341.1	44	1.79	1	0	0	7.14	4	91.07	51	56	0.53	0.00891829
OW569341.1	45	7.14	4	7.14	4	3.57	2	82.14	46	56	1	0.0672027
OW569341.1	46	23.21	13	5.36	3	3.57	2	67.86	38	56	1	0.193215
OW569341.1	47	83.33	45	1.85	1	1.85	1	12.96	7	54	1	1.69273
OW569341.1	48	44.64	25	7.14	4	12.5	7	35.71	20	56	1	0.570237
OW569341.1	49	73.21	41	8.93	5	3.57	2	14.29	8	56	1	0.972735
OW569341.1	50	35.71	20	0	0	0	0	64.29	36	56	1	0.543103
OW569341.1	51	53.57	30	0	0	0	0	46.43	26	56	1	1.09973
OW569341.1	52	14.29	8	10.71	6	19.64	11	55.36	31	56	1	0.0575236
OW569341.1	53	31.48	17	7.41	4	3.7	2	57.41	31	54	1	0.146576
OW569341.1	54	55.56	30	9.26	5	7.41	4	27.78	15	54	1	0.59615
OW569341.1	55	23.64	13	3.64	2	10.91	6	61.82	34	55	0.89	0.0191349
OW569341.1	56	50	27	0	0	5.56	3	44.44	24	54	1	0.655622
OW569341.1	57	41.82	23	16.36	9	20	11	21.82	12	55	1	0.128201
OW569341.1	58	12.5	7	5.36	3	7.14	4	75	42	56	1	0.0985176
OW569341.1	59	16.07	9	8.93	5	26.79	15	48.21	27	56	1	0.195797
OW569341.1	60	78.57	44	3.57	2	1.79	1	16.07	9	56	1	1.89343
OW569341.1	61	80.36	45	1.79	1	1.79	1	16.07	9	56	1	2.58029
OW569341.1	62	88.89	48	1.85	1	1.85	1	7.41	4	54	1	3.05168
OW569341.1	63	96.3	52	0	0	3.7	2	0	0	54	1	3.33741
OW569341.1	64	53.57	30	23.21	13	16.07	9	7.14	4	56	1	0.695875
OW569341.1	65	94.55	52	3.64	2	0	0	1.82	1	55	1	2.70959
OW569342.1	35	NA	NA	NA	NA	NA	NA	NA	NA	NA		0
OW569342.1	36	97.5	39	0	0	0	0	2.5	1	40	1	3.26625
OW569342.1	37	15	6	5	2	15	6	65	26	40	1	0.127686
OW569342.1	38	57.5	23	0	0	0	0	42.5	17	40	1	0.670523
OW569342.1	39	97.44	38	0	0	0	0	2.56	1	39	1	2.82714
OW569342.1	40	28.95	11	34.21	13	34.21	13	2.63	1	38	1	0.0803425
OW569342.1	41	22.5	9	10	4	5	2	62.5	25	40	1	0.69431
OW569342.1	42	0	0	12.5	5	2.5	1	85	34	40	1	0.136692
OW569342.1	43	2.5	1	2.5	1	7.5	3	87.5	35	40	1	0.0991237
OW569342.1	44	0	0	2.5	1	0	0	97.5	39	40	0.53	0.00891829
OW569342.1	45	5	2	2.5	1	0	0	92.5	37	40	1	0.0672027
OW569342.1	46	15	6	15	6	10	4	60	24	40	1	0.193215
OW569342.1	47	80	32	0	0	5	2	15	6	40	1	1.69273
OW569342.1	48	60	24	2.5	1	5	2	32.5	13	40	1	0.570237
OW569342.1	49	55	22	17.5	7	17.5	7	10	4	40	1	0.972735
OW569342.1	50	30	12	0	0	0	0	70	28	40	1	0.543103
OW569342.1	51	50	20	0	0	0	0	50	20	40	1	1.09973
OW569342.1	52	5	2	5	2	10	4	80	32	40	1	0.0575236
OW569342.1	53	12.5	5	10	4	12.5	5	65	26	40	1	0.146576
OW569342.1	54	52.5	21	12.5	5	7.5	3	27.5	11	40	1	0.59615
OW569342.1	55	7.5	3	20	8	2.5	1	70	28	40	0.89	0.0191349
OW569342.1	56	46.15	18	2.56	1	0	0	51.28	20	39	1	0.655622
OW569342.1	57	30.77	12	23.08	9	17.95	7	28.21	11	39	1	0.128201
OW569342.1	58	7.5	3	5	2	15	6	72.5	29	40	1	0.0985176
OW569342.1	59	22.5	9	22.5	9	12.5	5	42.5	17	40	1	0.195797
OW569342.1	60	82.5	33	0	0	0	0	17.5	7	40	1	1.89343
OW569342.1	61	85	34	0	0	5	2	10	4	40	1	2.58029
OW569342.1	62	87.18	34	2.56	1	5.13	2	5.13	2	39	1	3.05168
OW569342.1	63	97.44	38	0	0	2.56	1	0	0	39	1	3.33741
OW569342.1	64	72.5	29	12.5	5	10	4	5	2	40	1	0.695875
OW569342.1	65	95	38	0	0	0	0	5	2	40	1	2.70959
OW569342.1	35	NA	NA	NA	NA	NA	NA	NA	NA	NA		0
OW569342.1	36	97.5	39	0	0	0	0	2.5	1	40	1	3.26625
OW569342.1	37	15	6	5	2	15	6	65	26	40	1	0.127686
OW569342.1	38	57.5	23	0	0	0	0	42.5	17	40	1	0.670523
OW569342.1	39	97.44	38	0	0	0	0	2.56	1	39	1	2.82714
OW569342.1	40	28.95	11	34.21	13	34.21	13	2.63	1	38	1	0.0803425
OW569342.1	41	22.5	9	10	4	5	2	62.5	25	40	1	0.69431
OW569342.1	42	0	0	12.5	5	2.5	1	85	34	40	1	0.136692
OW569342.1	43	2.5	1	2.5	1	7.5	3	87.5	35	40	1	0.0991237
OW569342.1	44	0	0	2.5	1	0	0	97.5	39	40	0.53	0.00891829
OW569342.1	45	5	2	2.5	1	0	0	92.5	37	40	1	0.0672027
OW569342.1	46	15	6	15	6	10	4	60	24	40	1	0.193215
OW569342.1	47	80	32	0	0	5	2	15	6	40	1	1.69273
OW569342.1	48	60	24	2.5	1	5	2	32.5	13	40	1	0.570237
OW569342.1	49	55	22	17.5	7	17.5	7	10	4	40	1	0.972735
OW569342.1	50	30	12	0	0	0	0	70	28	40	1	0.543103
OW569342.1	51	50	20	0	0	0	0	50	20	40	1	1.09973
OW569342.1	52	5	2	5	2	10	4	80	32	40	1	0.0575236
OW569342.1	53	12.5	5	10	4	12.5	5	65	26	40	1	0.146576
OW569342.1	54	52.5	21	12.5	5	7.5	3	27.5	11	40	1	0.59615
OW569342.1	55	7.5	3	20	8	2.5	1	70	28	40	0.89	0.0191349
OW569342.1	56	46.15	18	2.56	1	0	0	51.28	20	39	1	0.655622
OW569342.1	57	30.77	12	23.08	9	17.95	7	28.21	11	39	1	0.128201
OW569342.1	58	7.5	3	5	2	15	6	72.5	29	40	1	0.0985176
OW569342.1	59	22.5	9	22.5	9	12.5	5	42.5	17	40	1	0.195797
OW569342.1	60	82.5	33	0	0	0	0	17.5	7	40	1	1.89343
OW569342.1	61	85	34	0	0	5	2	10	4	40	1	2.58029
OW569342.1	62	87.18	34	2.56	1	5.13	2	5.13	2	39	1	3.05168
OW569342.1	63	97.44	38	0	0	2.56	1	0	0	39	1	3.33741
OW569342.1	64	72.5	29	12.5	5	10	4	5	2	40	1	0.695875
OW569342.1	65	95	38	0	0	0	0	5	2	40	1	2.70959
